id,target
17,relationship-and-family-issues
50,relationship-and-family-issues
55,relationship-and-family-issues
68,relationship-and-family-issues
72,relationship-and-family-issues
86,relationship-and-family-issues
87,relationship-and-family-issues
97,relationship-and-family-issues
118,relationship-and-family-issues
122,relationship-and-family-issues
142,relationship-and-family-issues
161,relationship-and-family-issues
165,relationship-and-family-issues
189,relationship-and-family-issues
205,relationship-and-family-issues
230,relationship-and-family-issues
239,relationship-and-family-issues
241,relationship-and-family-issues
254,relationship-and-family-issues
265,relationship-and-family-issues
281,relationship-and-family-issues
282,relationship-and-family-issues
304,relationship-and-family-issues
305,relationship-and-family-issues
313,relationship-and-family-issues
320,relationship-and-family-issues
321,relationship-and-family-issues
329,relationship-and-family-issues
339,relationship-and-family-issues
341,relationship-and-family-issues
342,relationship-and-family-issues
344,relationship-and-family-issues
354,relationship-and-family-issues
356,relationship-and-family-issues
368,relationship-and-family-issues
370,relationship-and-family-issues
376,relationship-and-family-issues
382,relationship-and-family-issues
395,relationship-and-family-issues
400,relationship-and-family-issues
413,relationship-and-family-issues
414,relationship-and-family-issues
425,relationship-and-family-issues
430,relationship-and-family-issues
445,relationship-and-family-issues
448,relationship-and-family-issues
451,relationship-and-family-issues
453,relationship-and-family-issues
460,relationship-and-family-issues
471,relationship-and-family-issues
479,relationship-and-family-issues
483,relationship-and-family-issues
485,relationship-and-family-issues
502,relationship-and-family-issues
508,relationship-and-family-issues
512,relationship-and-family-issues
517,relationship-and-family-issues
543,relationship-and-family-issues
546,relationship-and-family-issues
553,relationship-and-family-issues
555,relationship-and-family-issues
563,relationship-and-family-issues
569,relationship-and-family-issues
581,relationship-and-family-issues
585,relationship-and-family-issues
605,relationship-and-family-issues
615,relationship-and-family-issues
633,relationship-and-family-issues
638,relationship-and-family-issues
650,relationship-and-family-issues
654,relationship-and-family-issues
668,relationship-and-family-issues
674,relationship-and-family-issues
687,relationship-and-family-issues
690,relationship-and-family-issues
707,relationship-and-family-issues
715,relationship-and-family-issues
726,relationship-and-family-issues
775,relationship-and-family-issues
781,relationship-and-family-issues
796,relationship-and-family-issues
801,relationship-and-family-issues
802,relationship-and-family-issues
811,relationship-and-family-issues
815,relationship-and-family-issues
820,relationship-and-family-issues
827,relationship-and-family-issues
838,relationship-and-family-issues
858,relationship-and-family-issues
859,relationship-and-family-issues
864,relationship-and-family-issues
877,relationship-and-family-issues
881,relationship-and-family-issues
889,relationship-and-family-issues
914,relationship-and-family-issues
927,relationship-and-family-issues
958,relationship-and-family-issues
974,relationship-and-family-issues
987,relationship-and-family-issues
998,relationship-and-family-issues
1001,relationship-and-family-issues
1002,relationship-and-family-issues
1008,relationship-and-family-issues
1010,relationship-and-family-issues
1017,relationship-and-family-issues
1021,relationship-and-family-issues
1025,relationship-and-family-issues
1029,relationship-and-family-issues
1038,relationship-and-family-issues
1059,relationship-and-family-issues
1083,relationship-and-family-issues
1115,relationship-and-family-issues
1138,relationship-and-family-issues
1157,relationship-and-family-issues
1162,relationship-and-family-issues
1164,relationship-and-family-issues
1186,relationship-and-family-issues
1202,relationship-and-family-issues
1205,relationship-and-family-issues
1221,relationship-and-family-issues
1232,relationship-and-family-issues
1233,relationship-and-family-issues
1234,relationship-and-family-issues
1238,relationship-and-family-issues
1244,relationship-and-family-issues
1253,relationship-and-family-issues
1263,relationship-and-family-issues
1267,relationship-and-family-issues
1270,relationship-and-family-issues
1280,relationship-and-family-issues
1290,relationship-and-family-issues
1324,relationship-and-family-issues
1328,relationship-and-family-issues
1330,relationship-and-family-issues
1336,relationship-and-family-issues
1339,relationship-and-family-issues
1343,relationship-and-family-issues
1345,relationship-and-family-issues
1360,relationship-and-family-issues
1365,relationship-and-family-issues
1379,relationship-and-family-issues
1395,relationship-and-family-issues
1403,relationship-and-family-issues
1414,relationship-and-family-issues
1422,relationship-and-family-issues
1454,relationship-and-family-issues
1471,relationship-and-family-issues
1495,relationship-and-family-issues
1516,relationship-and-family-issues
1518,relationship-and-family-issues
1540,relationship-and-family-issues
1555,relationship-and-family-issues
1567,relationship-and-family-issues
1570,relationship-and-family-issues
1582,relationship-and-family-issues
1587,relationship-and-family-issues
1610,relationship-and-family-issues
1617,relationship-and-family-issues
1621,relationship-and-family-issues
1643,relationship-and-family-issues
1657,relationship-and-family-issues
1658,relationship-and-family-issues
1661,relationship-and-family-issues
1691,relationship-and-family-issues
1693,relationship-and-family-issues
1694,relationship-and-family-issues
1707,relationship-and-family-issues
1713,relationship-and-family-issues
1734,relationship-and-family-issues
1735,relationship-and-family-issues
1736,relationship-and-family-issues
1737,relationship-and-family-issues
1749,relationship-and-family-issues
1759,relationship-and-family-issues
1763,relationship-and-family-issues
1769,relationship-and-family-issues
1780,relationship-and-family-issues
1784,relationship-and-family-issues
1795,relationship-and-family-issues
1818,relationship-and-family-issues
1822,relationship-and-family-issues
1832,relationship-and-family-issues
1843,relationship-and-family-issues
1864,relationship-and-family-issues
1867,relationship-and-family-issues
1869,relationship-and-family-issues
1873,relationship-and-family-issues
1901,relationship-and-family-issues
1916,relationship-and-family-issues
1929,relationship-and-family-issues
1937,relationship-and-family-issues
1941,relationship-and-family-issues
1944,relationship-and-family-issues
1945,relationship-and-family-issues
1947,relationship-and-family-issues
1953,relationship-and-family-issues
1956,relationship-and-family-issues
1958,relationship-and-family-issues
1975,relationship-and-family-issues
1986,relationship-and-family-issues
1989,relationship-and-family-issues
1993,relationship-and-family-issues
2002,relationship-and-family-issues
2010,relationship-and-family-issues
2012,relationship-and-family-issues
2015,relationship-and-family-issues
2019,relationship-and-family-issues
2027,relationship-and-family-issues
2056,relationship-and-family-issues
2074,relationship-and-family-issues
2078,relationship-and-family-issues
2091,relationship-and-family-issues
2093,relationship-and-family-issues
2096,relationship-and-family-issues
2102,relationship-and-family-issues
2105,relationship-and-family-issues
2110,relationship-and-family-issues
2128,relationship-and-family-issues
2135,relationship-and-family-issues
2147,relationship-and-family-issues
2149,relationship-and-family-issues
2158,relationship-and-family-issues
2172,relationship-and-family-issues
2182,relationship-and-family-issues
2184,relationship-and-family-issues
2188,relationship-and-family-issues
2210,relationship-and-family-issues
2220,relationship-and-family-issues
2238,relationship-and-family-issues
2251,relationship-and-family-issues
2262,relationship-and-family-issues
2271,relationship-and-family-issues
2278,relationship-and-family-issues
2310,relationship-and-family-issues
2313,relationship-and-family-issues
2336,relationship-and-family-issues
2364,relationship-and-family-issues
2365,relationship-and-family-issues
2368,relationship-and-family-issues
2381,relationship-and-family-issues
2388,relationship-and-family-issues
2392,relationship-and-family-issues
2405,relationship-and-family-issues
2411,relationship-and-family-issues
2413,relationship-and-family-issues
2421,relationship-and-family-issues
2439,relationship-and-family-issues
2451,relationship-and-family-issues
2464,relationship-and-family-issues
2482,relationship-and-family-issues
2529,relationship-and-family-issues
2547,relationship-and-family-issues
2562,relationship-and-family-issues
2568,relationship-and-family-issues
2571,relationship-and-family-issues
2574,relationship-and-family-issues
2575,relationship-and-family-issues
2580,relationship-and-family-issues
2587,relationship-and-family-issues
2595,relationship-and-family-issues
2614,relationship-and-family-issues
2619,relationship-and-family-issues
2623,relationship-and-family-issues
2650,relationship-and-family-issues
2654,relationship-and-family-issues
2658,relationship-and-family-issues
2660,relationship-and-family-issues
2697,relationship-and-family-issues
2701,relationship-and-family-issues
2704,relationship-and-family-issues
2705,relationship-and-family-issues
2714,relationship-and-family-issues
2715,relationship-and-family-issues
2737,relationship-and-family-issues
2763,relationship-and-family-issues
2775,relationship-and-family-issues
2788,relationship-and-family-issues
2797,relationship-and-family-issues
2844,relationship-and-family-issues
2849,relationship-and-family-issues
2850,relationship-and-family-issues
2852,relationship-and-family-issues
2855,relationship-and-family-issues
2857,relationship-and-family-issues
2860,relationship-and-family-issues
2861,relationship-and-family-issues
2867,relationship-and-family-issues
2886,relationship-and-family-issues
2888,relationship-and-family-issues
2893,relationship-and-family-issues
2897,relationship-and-family-issues
2907,relationship-and-family-issues
2912,relationship-and-family-issues
2937,relationship-and-family-issues
2939,relationship-and-family-issues
2943,relationship-and-family-issues
2948,relationship-and-family-issues
2967,relationship-and-family-issues
2973,relationship-and-family-issues
2976,relationship-and-family-issues
3015,relationship-and-family-issues
3019,relationship-and-family-issues
3054,relationship-and-family-issues
3076,relationship-and-family-issues
3100,relationship-and-family-issues
3107,relationship-and-family-issues
3122,relationship-and-family-issues
3132,relationship-and-family-issues
3139,relationship-and-family-issues
3155,relationship-and-family-issues
3161,relationship-and-family-issues
3162,relationship-and-family-issues
3165,relationship-and-family-issues
3166,relationship-and-family-issues
3195,relationship-and-family-issues
3226,relationship-and-family-issues
3230,relationship-and-family-issues
3236,relationship-and-family-issues
3243,relationship-and-family-issues
3244,relationship-and-family-issues
3272,relationship-and-family-issues
3287,relationship-and-family-issues
3292,relationship-and-family-issues
3295,relationship-and-family-issues
3300,relationship-and-family-issues
3306,relationship-and-family-issues
3307,relationship-and-family-issues
3317,relationship-and-family-issues
3324,relationship-and-family-issues
3363,relationship-and-family-issues
3369,relationship-and-family-issues
3375,relationship-and-family-issues
3410,relationship-and-family-issues
3424,relationship-and-family-issues
3425,relationship-and-family-issues
3436,relationship-and-family-issues
3437,relationship-and-family-issues
3440,relationship-and-family-issues
3454,relationship-and-family-issues
3466,relationship-and-family-issues
3469,relationship-and-family-issues
3485,relationship-and-family-issues
3486,relationship-and-family-issues
3492,relationship-and-family-issues
3495,relationship-and-family-issues
3526,relationship-and-family-issues
3530,relationship-and-family-issues
3540,relationship-and-family-issues
3557,relationship-and-family-issues
3576,relationship-and-family-issues
3577,relationship-and-family-issues
3579,relationship-and-family-issues
3582,relationship-and-family-issues
3593,relationship-and-family-issues
3599,relationship-and-family-issues
3612,relationship-and-family-issues
3621,relationship-and-family-issues
3622,relationship-and-family-issues
3639,relationship-and-family-issues
3656,relationship-and-family-issues
3660,relationship-and-family-issues
3662,relationship-and-family-issues
3666,relationship-and-family-issues
3681,relationship-and-family-issues
3690,relationship-and-family-issues
3701,relationship-and-family-issues
3707,relationship-and-family-issues
3713,relationship-and-family-issues
3726,relationship-and-family-issues
3730,relationship-and-family-issues
3756,relationship-and-family-issues
3766,relationship-and-family-issues
3773,relationship-and-family-issues
3786,relationship-and-family-issues
3813,relationship-and-family-issues
3820,relationship-and-family-issues
3835,relationship-and-family-issues
3838,relationship-and-family-issues
3865,relationship-and-family-issues
3872,relationship-and-family-issues
3873,relationship-and-family-issues
3879,relationship-and-family-issues
3885,relationship-and-family-issues
3892,relationship-and-family-issues
3893,relationship-and-family-issues
3896,relationship-and-family-issues
3898,relationship-and-family-issues
3904,relationship-and-family-issues
3909,relationship-and-family-issues
3910,relationship-and-family-issues
3918,relationship-and-family-issues
3925,relationship-and-family-issues
3928,relationship-and-family-issues
3931,relationship-and-family-issues
3941,relationship-and-family-issues
3945,relationship-and-family-issues
3948,relationship-and-family-issues
3949,relationship-and-family-issues
3975,relationship-and-family-issues
4001,relationship-and-family-issues
4025,relationship-and-family-issues
4028,relationship-and-family-issues
4051,relationship-and-family-issues
4057,relationship-and-family-issues
4071,relationship-and-family-issues
4092,relationship-and-family-issues
4103,relationship-and-family-issues
4104,relationship-and-family-issues
4116,relationship-and-family-issues
4147,relationship-and-family-issues
4159,relationship-and-family-issues
4160,relationship-and-family-issues
4164,relationship-and-family-issues
4173,relationship-and-family-issues
4177,relationship-and-family-issues
4186,relationship-and-family-issues
4187,relationship-and-family-issues
4202,relationship-and-family-issues
4211,relationship-and-family-issues
4227,relationship-and-family-issues
4230,relationship-and-family-issues
4249,relationship-and-family-issues
4252,relationship-and-family-issues
4264,relationship-and-family-issues
4268,relationship-and-family-issues
4283,relationship-and-family-issues
4288,relationship-and-family-issues
4296,relationship-and-family-issues
4314,relationship-and-family-issues
4328,relationship-and-family-issues
4330,relationship-and-family-issues
4332,relationship-and-family-issues
4334,relationship-and-family-issues
4351,relationship-and-family-issues
4365,relationship-and-family-issues
4372,relationship-and-family-issues
4377,relationship-and-family-issues
4383,relationship-and-family-issues
4408,relationship-and-family-issues
4416,relationship-and-family-issues
4424,relationship-and-family-issues
4431,relationship-and-family-issues
4447,relationship-and-family-issues
4463,relationship-and-family-issues
4487,relationship-and-family-issues
4488,relationship-and-family-issues
4492,relationship-and-family-issues
4512,relationship-and-family-issues
4517,relationship-and-family-issues
4524,relationship-and-family-issues
4542,relationship-and-family-issues
4550,relationship-and-family-issues
4556,relationship-and-family-issues
4558,relationship-and-family-issues
4568,relationship-and-family-issues
4579,relationship-and-family-issues
4594,relationship-and-family-issues
4614,relationship-and-family-issues
4625,relationship-and-family-issues
4630,relationship-and-family-issues
4631,relationship-and-family-issues
4639,relationship-and-family-issues
4686,relationship-and-family-issues
4708,relationship-and-family-issues
4709,relationship-and-family-issues
4711,relationship-and-family-issues
4717,relationship-and-family-issues
4732,relationship-and-family-issues
4735,relationship-and-family-issues
4746,relationship-and-family-issues
4819,relationship-and-family-issues
4834,relationship-and-family-issues
4845,relationship-and-family-issues
4850,relationship-and-family-issues
4868,relationship-and-family-issues
4877,relationship-and-family-issues
4903,relationship-and-family-issues
4912,relationship-and-family-issues
4914,relationship-and-family-issues
4917,relationship-and-family-issues
4920,relationship-and-family-issues
4936,relationship-and-family-issues
4959,relationship-and-family-issues
4975,relationship-and-family-issues
4987,relationship-and-family-issues
5020,relationship-and-family-issues
5023,relationship-and-family-issues
5026,relationship-and-family-issues
5036,relationship-and-family-issues
5055,relationship-and-family-issues
5074,relationship-and-family-issues
5083,relationship-and-family-issues
5092,relationship-and-family-issues
5111,relationship-and-family-issues
5114,relationship-and-family-issues
5115,relationship-and-family-issues
5119,relationship-and-family-issues
5124,relationship-and-family-issues
5130,relationship-and-family-issues
5165,relationship-and-family-issues
5223,relationship-and-family-issues
5256,relationship-and-family-issues
5258,relationship-and-family-issues
5260,relationship-and-family-issues
5261,relationship-and-family-issues
5263,relationship-and-family-issues
5264,relationship-and-family-issues
5265,relationship-and-family-issues
5286,relationship-and-family-issues
5299,relationship-and-family-issues
5312,relationship-and-family-issues
5318,relationship-and-family-issues
5320,relationship-and-family-issues
5334,relationship-and-family-issues
5335,relationship-and-family-issues
5349,relationship-and-family-issues
5376,relationship-and-family-issues
5391,relationship-and-family-issues
5407,relationship-and-family-issues
5412,relationship-and-family-issues
5419,relationship-and-family-issues
5426,relationship-and-family-issues
5429,relationship-and-family-issues
5449,relationship-and-family-issues
5452,relationship-and-family-issues
5469,relationship-and-family-issues
5483,relationship-and-family-issues
5487,relationship-and-family-issues
5497,relationship-and-family-issues
5502,relationship-and-family-issues
5520,relationship-and-family-issues
5524,relationship-and-family-issues
5530,relationship-and-family-issues
5533,relationship-and-family-issues
5550,relationship-and-family-issues
5556,relationship-and-family-issues
5562,relationship-and-family-issues
5573,relationship-and-family-issues
5580,relationship-and-family-issues
5599,relationship-and-family-issues
5608,relationship-and-family-issues
5611,relationship-and-family-issues
5617,relationship-and-family-issues
5649,relationship-and-family-issues
5651,relationship-and-family-issues
5652,relationship-and-family-issues
5653,relationship-and-family-issues
5656,relationship-and-family-issues
5660,relationship-and-family-issues
5667,relationship-and-family-issues
5669,relationship-and-family-issues
5671,relationship-and-family-issues
5672,relationship-and-family-issues
5686,relationship-and-family-issues
5699,relationship-and-family-issues
5700,relationship-and-family-issues
5708,relationship-and-family-issues
5736,relationship-and-family-issues
5737,relationship-and-family-issues
5755,relationship-and-family-issues
5758,relationship-and-family-issues
5785,relationship-and-family-issues
5807,relationship-and-family-issues
5808,relationship-and-family-issues
5815,relationship-and-family-issues
5816,relationship-and-family-issues
5846,relationship-and-family-issues
5848,relationship-and-family-issues
5861,relationship-and-family-issues
5872,relationship-and-family-issues
5882,relationship-and-family-issues
5886,relationship-and-family-issues
5894,relationship-and-family-issues
5896,relationship-and-family-issues
5901,relationship-and-family-issues
5915,relationship-and-family-issues
5935,relationship-and-family-issues
5960,relationship-and-family-issues
5974,relationship-and-family-issues
5986,relationship-and-family-issues
6014,relationship-and-family-issues
6016,relationship-and-family-issues
6029,relationship-and-family-issues
6031,relationship-and-family-issues
6034,relationship-and-family-issues
6039,relationship-and-family-issues
6045,relationship-and-family-issues
6046,relationship-and-family-issues
6048,relationship-and-family-issues
6053,relationship-and-family-issues
6056,relationship-and-family-issues
6058,relationship-and-family-issues
6070,relationship-and-family-issues
6072,relationship-and-family-issues
6093,relationship-and-family-issues
6095,relationship-and-family-issues
6098,relationship-and-family-issues
6167,relationship-and-family-issues
6172,relationship-and-family-issues
6185,relationship-and-family-issues
6188,relationship-and-family-issues
6218,relationship-and-family-issues
6258,relationship-and-family-issues
6275,relationship-and-family-issues
6295,relationship-and-family-issues
6300,relationship-and-family-issues
6313,relationship-and-family-issues
6338,relationship-and-family-issues
6341,relationship-and-family-issues
6346,relationship-and-family-issues
6348,relationship-and-family-issues
6356,relationship-and-family-issues
6377,relationship-and-family-issues
6385,relationship-and-family-issues
6417,relationship-and-family-issues
6428,relationship-and-family-issues
6429,relationship-and-family-issues
6469,relationship-and-family-issues
6470,relationship-and-family-issues
6477,relationship-and-family-issues
6484,relationship-and-family-issues
6510,relationship-and-family-issues
6516,relationship-and-family-issues
6520,relationship-and-family-issues
6521,relationship-and-family-issues
6524,relationship-and-family-issues
6532,relationship-and-family-issues
6548,relationship-and-family-issues
6550,relationship-and-family-issues
6559,relationship-and-family-issues
6598,relationship-and-family-issues
6619,relationship-and-family-issues
6621,relationship-and-family-issues
6630,relationship-and-family-issues
6647,relationship-and-family-issues
6656,relationship-and-family-issues
6660,relationship-and-family-issues
6673,relationship-and-family-issues
6705,relationship-and-family-issues
6713,relationship-and-family-issues
6731,relationship-and-family-issues
6746,relationship-and-family-issues
6770,relationship-and-family-issues
6775,relationship-and-family-issues
6780,relationship-and-family-issues
6791,relationship-and-family-issues
6796,relationship-and-family-issues
6802,relationship-and-family-issues
6806,relationship-and-family-issues
6808,relationship-and-family-issues
6811,relationship-and-family-issues
6820,relationship-and-family-issues
6844,relationship-and-family-issues
6846,relationship-and-family-issues
6852,relationship-and-family-issues
6860,relationship-and-family-issues
6879,relationship-and-family-issues
6882,relationship-and-family-issues
6900,relationship-and-family-issues
6918,relationship-and-family-issues
6919,relationship-and-family-issues
6930,relationship-and-family-issues
6948,relationship-and-family-issues
6959,relationship-and-family-issues
6968,relationship-and-family-issues
6977,relationship-and-family-issues
6995,relationship-and-family-issues
7003,relationship-and-family-issues
7004,relationship-and-family-issues
7025,relationship-and-family-issues
7031,relationship-and-family-issues
7040,relationship-and-family-issues
7043,relationship-and-family-issues
7061,relationship-and-family-issues
7079,relationship-and-family-issues
7091,relationship-and-family-issues
7107,relationship-and-family-issues
7108,relationship-and-family-issues
7134,relationship-and-family-issues
7138,relationship-and-family-issues
7142,relationship-and-family-issues
7146,relationship-and-family-issues
7149,relationship-and-family-issues
7169,relationship-and-family-issues
7179,relationship-and-family-issues
7195,relationship-and-family-issues
7205,relationship-and-family-issues
7221,relationship-and-family-issues
7231,relationship-and-family-issues
7236,relationship-and-family-issues
7252,relationship-and-family-issues
7275,relationship-and-family-issues
7288,relationship-and-family-issues
7308,relationship-and-family-issues
7311,relationship-and-family-issues
7321,relationship-and-family-issues
7323,relationship-and-family-issues
7333,relationship-and-family-issues
7355,relationship-and-family-issues
7359,relationship-and-family-issues
7371,relationship-and-family-issues
7372,relationship-and-family-issues
7385,relationship-and-family-issues
7387,relationship-and-family-issues
7413,relationship-and-family-issues
7432,relationship-and-family-issues
7467,relationship-and-family-issues
7470,relationship-and-family-issues
7492,relationship-and-family-issues
7505,relationship-and-family-issues
7512,relationship-and-family-issues
7523,relationship-and-family-issues
7526,relationship-and-family-issues
7529,relationship-and-family-issues
7530,relationship-and-family-issues
7536,relationship-and-family-issues
7538,relationship-and-family-issues
7542,relationship-and-family-issues
7552,relationship-and-family-issues
7571,relationship-and-family-issues
7597,relationship-and-family-issues
7617,relationship-and-family-issues
7620,relationship-and-family-issues
7622,relationship-and-family-issues
7679,relationship-and-family-issues
7689,relationship-and-family-issues
7697,relationship-and-family-issues
7700,relationship-and-family-issues
7709,relationship-and-family-issues
7710,relationship-and-family-issues
7747,relationship-and-family-issues
7768,relationship-and-family-issues
7776,relationship-and-family-issues
7777,relationship-and-family-issues
7780,relationship-and-family-issues
7788,relationship-and-family-issues
7790,relationship-and-family-issues
7811,relationship-and-family-issues
7814,relationship-and-family-issues
7826,relationship-and-family-issues
7835,relationship-and-family-issues
7856,relationship-and-family-issues
7889,relationship-and-family-issues
7897,relationship-and-family-issues
7901,relationship-and-family-issues
7903,relationship-and-family-issues
7928,relationship-and-family-issues
7963,relationship-and-family-issues
7980,relationship-and-family-issues
7997,relationship-and-family-issues
7999,relationship-and-family-issues
8026,relationship-and-family-issues
8029,relationship-and-family-issues
8031,relationship-and-family-issues
8045,relationship-and-family-issues
8047,relationship-and-family-issues
8095,relationship-and-family-issues
8123,relationship-and-family-issues
8130,relationship-and-family-issues
8149,relationship-and-family-issues
8163,relationship-and-family-issues
8166,relationship-and-family-issues
8170,relationship-and-family-issues
8202,relationship-and-family-issues
8208,relationship-and-family-issues
8213,relationship-and-family-issues
8240,relationship-and-family-issues
8241,relationship-and-family-issues
8260,relationship-and-family-issues
8262,relationship-and-family-issues
8299,relationship-and-family-issues
8312,relationship-and-family-issues
8315,relationship-and-family-issues
8318,relationship-and-family-issues
8327,relationship-and-family-issues
8335,relationship-and-family-issues
8337,relationship-and-family-issues
8339,relationship-and-family-issues
8345,relationship-and-family-issues
8351,relationship-and-family-issues
8356,relationship-and-family-issues
8362,relationship-and-family-issues
8363,relationship-and-family-issues
8376,relationship-and-family-issues
8380,relationship-and-family-issues
8386,relationship-and-family-issues
8389,relationship-and-family-issues
8409,relationship-and-family-issues
8413,relationship-and-family-issues
8421,relationship-and-family-issues
8426,relationship-and-family-issues
8434,relationship-and-family-issues
8443,relationship-and-family-issues
8447,relationship-and-family-issues
8463,relationship-and-family-issues
8470,relationship-and-family-issues
8480,relationship-and-family-issues
8485,relationship-and-family-issues
8492,relationship-and-family-issues
8497,relationship-and-family-issues
8506,relationship-and-family-issues
8510,relationship-and-family-issues
8517,relationship-and-family-issues
8518,relationship-and-family-issues
8521,relationship-and-family-issues
8533,relationship-and-family-issues
8549,relationship-and-family-issues
8550,relationship-and-family-issues
8568,relationship-and-family-issues
8572,relationship-and-family-issues
8573,relationship-and-family-issues
8574,relationship-and-family-issues
8576,relationship-and-family-issues
8589,relationship-and-family-issues
8607,relationship-and-family-issues
8612,relationship-and-family-issues
8616,relationship-and-family-issues
8645,relationship-and-family-issues
8669,relationship-and-family-issues
8680,relationship-and-family-issues
8681,relationship-and-family-issues
8714,relationship-and-family-issues
8722,relationship-and-family-issues
8736,relationship-and-family-issues
8747,relationship-and-family-issues
8751,relationship-and-family-issues
8752,relationship-and-family-issues
8754,relationship-and-family-issues
8757,relationship-and-family-issues
8766,relationship-and-family-issues
8774,relationship-and-family-issues
8785,relationship-and-family-issues
8791,relationship-and-family-issues
8793,relationship-and-family-issues
8800,relationship-and-family-issues
8805,relationship-and-family-issues
8866,relationship-and-family-issues
8878,relationship-and-family-issues
8895,relationship-and-family-issues
8903,relationship-and-family-issues
8929,relationship-and-family-issues
8931,relationship-and-family-issues
8952,relationship-and-family-issues
8953,relationship-and-family-issues
8963,relationship-and-family-issues
8971,relationship-and-family-issues
8973,relationship-and-family-issues
8974,relationship-and-family-issues
8981,relationship-and-family-issues
8984,relationship-and-family-issues
8990,relationship-and-family-issues
8995,relationship-and-family-issues
8999,relationship-and-family-issues
9004,relationship-and-family-issues
9013,relationship-and-family-issues
9027,relationship-and-family-issues
9051,relationship-and-family-issues
9072,relationship-and-family-issues
9094,relationship-and-family-issues
9096,relationship-and-family-issues
9104,relationship-and-family-issues
9108,relationship-and-family-issues
9110,relationship-and-family-issues
9111,relationship-and-family-issues
9128,relationship-and-family-issues
9136,relationship-and-family-issues
9148,relationship-and-family-issues
9149,relationship-and-family-issues
9160,relationship-and-family-issues
9162,relationship-and-family-issues
9163,relationship-and-family-issues
9205,relationship-and-family-issues
9211,relationship-and-family-issues
9216,relationship-and-family-issues
9229,relationship-and-family-issues
9236,relationship-and-family-issues
9239,relationship-and-family-issues
9244,relationship-and-family-issues
9246,relationship-and-family-issues
9249,relationship-and-family-issues
9253,relationship-and-family-issues
9257,relationship-and-family-issues
9263,relationship-and-family-issues
9265,relationship-and-family-issues
9267,relationship-and-family-issues
9277,relationship-and-family-issues
9282,relationship-and-family-issues
9283,relationship-and-family-issues
9296,relationship-and-family-issues
9333,relationship-and-family-issues
9364,relationship-and-family-issues
9367,relationship-and-family-issues
9370,relationship-and-family-issues
9372,relationship-and-family-issues
9379,relationship-and-family-issues
9386,relationship-and-family-issues
9388,relationship-and-family-issues
9390,relationship-and-family-issues
9406,relationship-and-family-issues
9423,relationship-and-family-issues
9440,relationship-and-family-issues
9451,relationship-and-family-issues
9453,relationship-and-family-issues
9459,relationship-and-family-issues
9467,relationship-and-family-issues
9478,relationship-and-family-issues
9481,relationship-and-family-issues
9501,relationship-and-family-issues
9532,relationship-and-family-issues
9533,relationship-and-family-issues
9534,relationship-and-family-issues
9552,relationship-and-family-issues
9556,relationship-and-family-issues
9565,relationship-and-family-issues
9574,relationship-and-family-issues
9575,relationship-and-family-issues
9584,relationship-and-family-issues
9603,relationship-and-family-issues
9614,relationship-and-family-issues
9619,relationship-and-family-issues
9620,relationship-and-family-issues
9640,relationship-and-family-issues
9644,relationship-and-family-issues
9645,relationship-and-family-issues
9653,relationship-and-family-issues
9656,relationship-and-family-issues
9663,relationship-and-family-issues
9680,relationship-and-family-issues
9684,relationship-and-family-issues
9688,relationship-and-family-issues
9697,relationship-and-family-issues
9699,relationship-and-family-issues
9704,relationship-and-family-issues
9708,relationship-and-family-issues
9757,relationship-and-family-issues
9769,relationship-and-family-issues
9778,relationship-and-family-issues
9781,relationship-and-family-issues
9784,relationship-and-family-issues
9794,relationship-and-family-issues
9798,relationship-and-family-issues
9802,relationship-and-family-issues
9804,relationship-and-family-issues
9811,relationship-and-family-issues
9829,relationship-and-family-issues
9835,relationship-and-family-issues
9836,relationship-and-family-issues
9847,relationship-and-family-issues
9852,relationship-and-family-issues
9861,relationship-and-family-issues
9864,relationship-and-family-issues
9865,relationship-and-family-issues
9875,relationship-and-family-issues
9882,relationship-and-family-issues
9891,relationship-and-family-issues
9893,relationship-and-family-issues
9909,relationship-and-family-issues
9923,relationship-and-family-issues
9934,relationship-and-family-issues
9936,relationship-and-family-issues
9954,relationship-and-family-issues
9966,relationship-and-family-issues
9971,relationship-and-family-issues
9977,relationship-and-family-issues
9982,relationship-and-family-issues
9986,relationship-and-family-issues
10076,relationship-and-family-issues
10080,relationship-and-family-issues
10087,relationship-and-family-issues
10104,relationship-and-family-issues
10120,relationship-and-family-issues
10123,relationship-and-family-issues
10127,relationship-and-family-issues
10155,relationship-and-family-issues
10157,relationship-and-family-issues
10158,relationship-and-family-issues
10166,relationship-and-family-issues
10174,relationship-and-family-issues
10184,relationship-and-family-issues
10185,relationship-and-family-issues
10192,relationship-and-family-issues
10197,relationship-and-family-issues
10230,relationship-and-family-issues
10239,relationship-and-family-issues
10254,relationship-and-family-issues
10267,relationship-and-family-issues
10270,relationship-and-family-issues
10272,relationship-and-family-issues
10281,relationship-and-family-issues
10286,relationship-and-family-issues
10288,relationship-and-family-issues
10300,relationship-and-family-issues
10313,relationship-and-family-issues
10324,relationship-and-family-issues
10326,relationship-and-family-issues
10335,relationship-and-family-issues
10346,relationship-and-family-issues
10347,relationship-and-family-issues
10365,relationship-and-family-issues
10374,relationship-and-family-issues
10387,relationship-and-family-issues
10404,relationship-and-family-issues
10409,relationship-and-family-issues
10412,relationship-and-family-issues
10419,relationship-and-family-issues
10424,relationship-and-family-issues
10427,relationship-and-family-issues
10431,relationship-and-family-issues
10435,relationship-and-family-issues
10442,relationship-and-family-issues
10448,relationship-and-family-issues
10450,relationship-and-family-issues
10452,relationship-and-family-issues
10454,relationship-and-family-issues
10471,relationship-and-family-issues
10477,relationship-and-family-issues
10479,relationship-and-family-issues
10481,relationship-and-family-issues
10497,relationship-and-family-issues
10511,relationship-and-family-issues
10513,relationship-and-family-issues
10522,relationship-and-family-issues
10524,relationship-and-family-issues
10530,relationship-and-family-issues
10532,relationship-and-family-issues
10541,relationship-and-family-issues
10543,relationship-and-family-issues
10544,relationship-and-family-issues
10551,relationship-and-family-issues
10559,relationship-and-family-issues
10569,relationship-and-family-issues
10572,relationship-and-family-issues
10582,relationship-and-family-issues
10596,relationship-and-family-issues
10598,relationship-and-family-issues
10599,relationship-and-family-issues
10621,relationship-and-family-issues
10625,relationship-and-family-issues
10626,relationship-and-family-issues
10642,relationship-and-family-issues
10651,relationship-and-family-issues
10654,relationship-and-family-issues
10657,relationship-and-family-issues
10675,relationship-and-family-issues
10701,relationship-and-family-issues
10704,relationship-and-family-issues
10716,relationship-and-family-issues
10727,relationship-and-family-issues
10729,relationship-and-family-issues
10735,relationship-and-family-issues
10736,relationship-and-family-issues
10740,relationship-and-family-issues
10748,relationship-and-family-issues
10750,relationship-and-family-issues
10758,relationship-and-family-issues
10761,relationship-and-family-issues
10772,relationship-and-family-issues
10773,relationship-and-family-issues
10780,relationship-and-family-issues
10790,relationship-and-family-issues
10796,relationship-and-family-issues
10807,relationship-and-family-issues
10818,relationship-and-family-issues
10837,relationship-and-family-issues
10843,relationship-and-family-issues
10874,relationship-and-family-issues
10884,relationship-and-family-issues
10885,relationship-and-family-issues
10891,relationship-and-family-issues
10896,relationship-and-family-issues
10921,relationship-and-family-issues
10924,relationship-and-family-issues
10925,relationship-and-family-issues
10926,relationship-and-family-issues
10933,relationship-and-family-issues
10934,relationship-and-family-issues
10941,relationship-and-family-issues
10944,relationship-and-family-issues
10956,relationship-and-family-issues
10986,relationship-and-family-issues
11000,relationship-and-family-issues
11005,relationship-and-family-issues
11015,relationship-and-family-issues
11019,relationship-and-family-issues
11036,relationship-and-family-issues
11057,relationship-and-family-issues
11058,relationship-and-family-issues
11059,relationship-and-family-issues
11071,relationship-and-family-issues
11074,relationship-and-family-issues
11078,relationship-and-family-issues
11088,relationship-and-family-issues
11097,relationship-and-family-issues
11099,relationship-and-family-issues
11105,relationship-and-family-issues
11106,relationship-and-family-issues
11108,relationship-and-family-issues
11117,relationship-and-family-issues
11137,relationship-and-family-issues
11150,relationship-and-family-issues
11167,relationship-and-family-issues
11170,relationship-and-family-issues
11181,relationship-and-family-issues
11201,relationship-and-family-issues
11210,relationship-and-family-issues
11217,relationship-and-family-issues
11229,relationship-and-family-issues
11243,relationship-and-family-issues
11246,relationship-and-family-issues
11247,relationship-and-family-issues
11249,relationship-and-family-issues
11267,relationship-and-family-issues
11269,relationship-and-family-issues
11288,relationship-and-family-issues
11332,relationship-and-family-issues
11352,relationship-and-family-issues
11359,relationship-and-family-issues
11380,relationship-and-family-issues
11395,relationship-and-family-issues
11406,relationship-and-family-issues
11420,relationship-and-family-issues
11430,relationship-and-family-issues
11432,relationship-and-family-issues
11435,relationship-and-family-issues
11443,relationship-and-family-issues
11447,relationship-and-family-issues
11454,relationship-and-family-issues
11469,relationship-and-family-issues
11475,relationship-and-family-issues
11489,relationship-and-family-issues
11495,relationship-and-family-issues
11502,relationship-and-family-issues
11504,relationship-and-family-issues
11527,relationship-and-family-issues
11543,relationship-and-family-issues
11545,relationship-and-family-issues
11564,relationship-and-family-issues
11569,relationship-and-family-issues
11575,relationship-and-family-issues
11602,relationship-and-family-issues
11622,relationship-and-family-issues
11640,relationship-and-family-issues
11644,relationship-and-family-issues
11648,relationship-and-family-issues
11654,relationship-and-family-issues
11659,relationship-and-family-issues
11662,relationship-and-family-issues
11668,relationship-and-family-issues
11675,relationship-and-family-issues
11704,relationship-and-family-issues
11715,relationship-and-family-issues
11732,relationship-and-family-issues
11743,relationship-and-family-issues
11757,relationship-and-family-issues
11777,relationship-and-family-issues
11778,relationship-and-family-issues
11798,relationship-and-family-issues
11806,relationship-and-family-issues
11816,relationship-and-family-issues
11818,relationship-and-family-issues
11833,relationship-and-family-issues
11835,relationship-and-family-issues
11856,relationship-and-family-issues
11868,relationship-and-family-issues
11913,relationship-and-family-issues
11931,relationship-and-family-issues
11934,relationship-and-family-issues
11936,relationship-and-family-issues
11950,relationship-and-family-issues
11964,relationship-and-family-issues
11980,relationship-and-family-issues
11983,relationship-and-family-issues
12010,relationship-and-family-issues
12013,relationship-and-family-issues
12020,relationship-and-family-issues
12057,relationship-and-family-issues
12062,relationship-and-family-issues
12068,relationship-and-family-issues
12088,relationship-and-family-issues
12093,relationship-and-family-issues
12111,relationship-and-family-issues
12113,relationship-and-family-issues
12115,relationship-and-family-issues
12123,relationship-and-family-issues
12129,relationship-and-family-issues
12131,relationship-and-family-issues
12135,relationship-and-family-issues
12151,relationship-and-family-issues
12197,relationship-and-family-issues
12203,relationship-and-family-issues
12210,relationship-and-family-issues
12242,relationship-and-family-issues
12267,relationship-and-family-issues
12282,relationship-and-family-issues
12287,relationship-and-family-issues
12301,relationship-and-family-issues
12302,relationship-and-family-issues
12328,relationship-and-family-issues
12330,relationship-and-family-issues
12342,relationship-and-family-issues
12352,relationship-and-family-issues
12368,relationship-and-family-issues
12369,relationship-and-family-issues
12421,relationship-and-family-issues
12432,relationship-and-family-issues
12436,relationship-and-family-issues
12450,relationship-and-family-issues
12451,relationship-and-family-issues
12461,relationship-and-family-issues
12478,relationship-and-family-issues
12484,relationship-and-family-issues
12490,relationship-and-family-issues
12499,relationship-and-family-issues
12504,relationship-and-family-issues
12506,relationship-and-family-issues
12510,relationship-and-family-issues
12512,relationship-and-family-issues
12537,relationship-and-family-issues
12539,relationship-and-family-issues
12543,relationship-and-family-issues
12548,relationship-and-family-issues
12553,relationship-and-family-issues
12561,relationship-and-family-issues
12568,relationship-and-family-issues
12573,relationship-and-family-issues
12576,relationship-and-family-issues
12581,relationship-and-family-issues
12586,relationship-and-family-issues
12618,relationship-and-family-issues
12633,relationship-and-family-issues
12634,relationship-and-family-issues
12682,relationship-and-family-issues
12690,relationship-and-family-issues
12691,relationship-and-family-issues
12695,relationship-and-family-issues
12707,relationship-and-family-issues
12712,relationship-and-family-issues
12745,relationship-and-family-issues
12750,relationship-and-family-issues
12758,relationship-and-family-issues
12768,relationship-and-family-issues
12784,relationship-and-family-issues
12794,relationship-and-family-issues
12796,relationship-and-family-issues
12811,relationship-and-family-issues
12820,relationship-and-family-issues
12821,relationship-and-family-issues
12831,relationship-and-family-issues
12841,relationship-and-family-issues
12847,relationship-and-family-issues
12848,relationship-and-family-issues
12859,relationship-and-family-issues
12861,relationship-and-family-issues
12865,relationship-and-family-issues
12876,relationship-and-family-issues
12902,relationship-and-family-issues
12913,relationship-and-family-issues
12915,relationship-and-family-issues
12918,relationship-and-family-issues
12923,relationship-and-family-issues
12931,relationship-and-family-issues
12932,relationship-and-family-issues
12940,relationship-and-family-issues
12963,relationship-and-family-issues
12985,relationship-and-family-issues
12991,relationship-and-family-issues
12999,relationship-and-family-issues
13001,relationship-and-family-issues
13016,relationship-and-family-issues
13017,relationship-and-family-issues
13023,relationship-and-family-issues
13029,relationship-and-family-issues
13030,relationship-and-family-issues
13031,relationship-and-family-issues
13037,relationship-and-family-issues
13066,relationship-and-family-issues
13069,relationship-and-family-issues
13080,relationship-and-family-issues
13083,relationship-and-family-issues
13088,relationship-and-family-issues
13093,relationship-and-family-issues
13096,relationship-and-family-issues
13105,relationship-and-family-issues
13110,relationship-and-family-issues
13113,relationship-and-family-issues
13120,relationship-and-family-issues
13155,relationship-and-family-issues
13175,relationship-and-family-issues
13177,relationship-and-family-issues
13181,relationship-and-family-issues
13184,relationship-and-family-issues
13206,relationship-and-family-issues
13218,relationship-and-family-issues
13223,relationship-and-family-issues
13230,relationship-and-family-issues
13233,relationship-and-family-issues
13237,relationship-and-family-issues
13239,relationship-and-family-issues
13243,relationship-and-family-issues
13256,relationship-and-family-issues
13275,relationship-and-family-issues
13283,relationship-and-family-issues
13284,relationship-and-family-issues
13286,relationship-and-family-issues
13317,relationship-and-family-issues
13318,relationship-and-family-issues
13323,relationship-and-family-issues
13368,relationship-and-family-issues
13377,relationship-and-family-issues
13383,relationship-and-family-issues
13387,relationship-and-family-issues
13393,relationship-and-family-issues
13398,relationship-and-family-issues
13413,relationship-and-family-issues
13425,relationship-and-family-issues
13456,relationship-and-family-issues
13462,relationship-and-family-issues
13466,relationship-and-family-issues
13487,relationship-and-family-issues
13499,relationship-and-family-issues
13507,relationship-and-family-issues
13514,relationship-and-family-issues
13529,relationship-and-family-issues
13532,relationship-and-family-issues
13534,relationship-and-family-issues
13537,relationship-and-family-issues
13546,relationship-and-family-issues
13550,relationship-and-family-issues
13551,relationship-and-family-issues
13557,relationship-and-family-issues
13561,relationship-and-family-issues
13566,relationship-and-family-issues
13570,relationship-and-family-issues
13574,relationship-and-family-issues
13581,relationship-and-family-issues
13583,relationship-and-family-issues
13587,relationship-and-family-issues
13610,relationship-and-family-issues
13612,relationship-and-family-issues
13613,relationship-and-family-issues
13622,relationship-and-family-issues
13637,relationship-and-family-issues
13645,relationship-and-family-issues
13646,relationship-and-family-issues
13660,relationship-and-family-issues
13666,relationship-and-family-issues
13678,relationship-and-family-issues
13699,relationship-and-family-issues
13700,relationship-and-family-issues
13712,relationship-and-family-issues
13717,relationship-and-family-issues
13719,relationship-and-family-issues
13725,relationship-and-family-issues
13753,relationship-and-family-issues
13754,relationship-and-family-issues
13783,relationship-and-family-issues
13787,relationship-and-family-issues
13805,relationship-and-family-issues
13823,relationship-and-family-issues
13829,relationship-and-family-issues
13846,relationship-and-family-issues
13864,relationship-and-family-issues
13867,relationship-and-family-issues
13876,relationship-and-family-issues
13878,relationship-and-family-issues
13883,relationship-and-family-issues
13902,relationship-and-family-issues
13906,relationship-and-family-issues
13927,relationship-and-family-issues
13936,relationship-and-family-issues
13941,relationship-and-family-issues
13944,relationship-and-family-issues
13948,relationship-and-family-issues
13951,relationship-and-family-issues
13956,relationship-and-family-issues
13957,relationship-and-family-issues
13961,relationship-and-family-issues
13985,relationship-and-family-issues
14008,relationship-and-family-issues
14015,relationship-and-family-issues
14037,relationship-and-family-issues
14040,relationship-and-family-issues
14046,relationship-and-family-issues
14071,relationship-and-family-issues
14084,relationship-and-family-issues
14099,relationship-and-family-issues
14103,relationship-and-family-issues
14132,relationship-and-family-issues
14139,relationship-and-family-issues
14140,relationship-and-family-issues
14141,relationship-and-family-issues
14161,relationship-and-family-issues
14169,relationship-and-family-issues
14172,relationship-and-family-issues
14173,relationship-and-family-issues
14181,relationship-and-family-issues
14183,relationship-and-family-issues
14184,relationship-and-family-issues
14185,relationship-and-family-issues
14197,relationship-and-family-issues
14198,relationship-and-family-issues
14248,relationship-and-family-issues
14270,relationship-and-family-issues
14297,relationship-and-family-issues
14298,relationship-and-family-issues
14307,relationship-and-family-issues
14319,relationship-and-family-issues
14333,relationship-and-family-issues
14342,relationship-and-family-issues
14360,relationship-and-family-issues
14363,relationship-and-family-issues
14373,relationship-and-family-issues
14375,relationship-and-family-issues
14378,relationship-and-family-issues
14396,relationship-and-family-issues
14397,relationship-and-family-issues
14409,relationship-and-family-issues
14430,relationship-and-family-issues
14447,relationship-and-family-issues
14465,relationship-and-family-issues
14479,relationship-and-family-issues
14482,relationship-and-family-issues
14488,relationship-and-family-issues
14492,relationship-and-family-issues
14505,relationship-and-family-issues
14509,relationship-and-family-issues
14511,relationship-and-family-issues
14538,relationship-and-family-issues
14555,relationship-and-family-issues
14576,relationship-and-family-issues
14604,relationship-and-family-issues
14607,relationship-and-family-issues
14644,relationship-and-family-issues
14663,relationship-and-family-issues
14665,relationship-and-family-issues
14681,relationship-and-family-issues
14696,relationship-and-family-issues
14703,relationship-and-family-issues
14717,relationship-and-family-issues
14725,relationship-and-family-issues
14728,relationship-and-family-issues
14731,relationship-and-family-issues
14745,relationship-and-family-issues
14766,relationship-and-family-issues
14772,relationship-and-family-issues
14776,relationship-and-family-issues
14791,relationship-and-family-issues
14797,relationship-and-family-issues
14814,relationship-and-family-issues
14820,relationship-and-family-issues
14824,relationship-and-family-issues
14831,relationship-and-family-issues
14850,relationship-and-family-issues
14853,relationship-and-family-issues
14865,relationship-and-family-issues
14884,relationship-and-family-issues
14895,relationship-and-family-issues
14896,relationship-and-family-issues
14900,relationship-and-family-issues
14902,relationship-and-family-issues
14908,relationship-and-family-issues
14913,relationship-and-family-issues
14915,relationship-and-family-issues
14923,relationship-and-family-issues
14932,relationship-and-family-issues
14942,relationship-and-family-issues
14946,relationship-and-family-issues
14951,relationship-and-family-issues
14981,relationship-and-family-issues
15005,relationship-and-family-issues
15024,relationship-and-family-issues
15038,relationship-and-family-issues
15043,relationship-and-family-issues
15063,relationship-and-family-issues
15066,relationship-and-family-issues
15068,relationship-and-family-issues
15080,relationship-and-family-issues
15089,relationship-and-family-issues
15104,relationship-and-family-issues
15110,relationship-and-family-issues
15122,relationship-and-family-issues
15125,relationship-and-family-issues
15133,relationship-and-family-issues
15139,relationship-and-family-issues
15175,relationship-and-family-issues
15187,relationship-and-family-issues
15188,relationship-and-family-issues
15199,relationship-and-family-issues
15215,relationship-and-family-issues
15217,relationship-and-family-issues
15231,relationship-and-family-issues
15236,relationship-and-family-issues
15240,relationship-and-family-issues
15241,relationship-and-family-issues
15263,relationship-and-family-issues
15270,relationship-and-family-issues
15292,relationship-and-family-issues
15295,relationship-and-family-issues
15316,relationship-and-family-issues
15346,relationship-and-family-issues
15350,relationship-and-family-issues
15354,relationship-and-family-issues
15360,relationship-and-family-issues
15376,relationship-and-family-issues
15390,relationship-and-family-issues
15394,relationship-and-family-issues
15399,relationship-and-family-issues
15410,relationship-and-family-issues
15441,relationship-and-family-issues
15442,relationship-and-family-issues
15444,relationship-and-family-issues
15445,relationship-and-family-issues
15474,relationship-and-family-issues
15477,relationship-and-family-issues
15496,relationship-and-family-issues
15499,relationship-and-family-issues
15512,relationship-and-family-issues
15523,relationship-and-family-issues
15526,relationship-and-family-issues
15532,relationship-and-family-issues
15587,relationship-and-family-issues
15597,relationship-and-family-issues
15599,relationship-and-family-issues
15617,relationship-and-family-issues
15623,relationship-and-family-issues
15628,relationship-and-family-issues
15635,relationship-and-family-issues
15655,relationship-and-family-issues
15659,relationship-and-family-issues
15669,relationship-and-family-issues
15671,relationship-and-family-issues
15673,relationship-and-family-issues
15685,relationship-and-family-issues
15687,relationship-and-family-issues
15697,relationship-and-family-issues
15700,relationship-and-family-issues
15713,relationship-and-family-issues
15714,relationship-and-family-issues
15718,relationship-and-family-issues
15719,relationship-and-family-issues
15725,relationship-and-family-issues
15726,relationship-and-family-issues
15746,relationship-and-family-issues
15750,relationship-and-family-issues
15766,relationship-and-family-issues
15770,relationship-and-family-issues
15778,relationship-and-family-issues
15782,relationship-and-family-issues
15783,relationship-and-family-issues
15789,relationship-and-family-issues
15795,relationship-and-family-issues
15796,relationship-and-family-issues
15797,relationship-and-family-issues
15817,relationship-and-family-issues
15821,relationship-and-family-issues
15830,relationship-and-family-issues
15846,relationship-and-family-issues
15858,relationship-and-family-issues
15861,relationship-and-family-issues
15865,relationship-and-family-issues
15866,relationship-and-family-issues
15867,relationship-and-family-issues
15876,relationship-and-family-issues
15879,relationship-and-family-issues
15886,relationship-and-family-issues
15887,relationship-and-family-issues
15891,relationship-and-family-issues
15892,relationship-and-family-issues
15904,relationship-and-family-issues
15908,relationship-and-family-issues
15932,relationship-and-family-issues
15934,relationship-and-family-issues
15952,relationship-and-family-issues
15954,relationship-and-family-issues
15955,relationship-and-family-issues
15957,relationship-and-family-issues
15961,relationship-and-family-issues
15964,relationship-and-family-issues
15965,relationship-and-family-issues
15969,relationship-and-family-issues
15980,relationship-and-family-issues
15985,relationship-and-family-issues
16016,relationship-and-family-issues
16017,relationship-and-family-issues
16026,relationship-and-family-issues
16045,relationship-and-family-issues
16086,relationship-and-family-issues
16089,relationship-and-family-issues
16092,relationship-and-family-issues
16093,relationship-and-family-issues
16096,relationship-and-family-issues
16098,relationship-and-family-issues
16108,relationship-and-family-issues
16109,relationship-and-family-issues
16110,relationship-and-family-issues
16141,relationship-and-family-issues
16145,relationship-and-family-issues
16147,relationship-and-family-issues
16167,relationship-and-family-issues
16176,relationship-and-family-issues
16178,relationship-and-family-issues
16203,relationship-and-family-issues
16207,relationship-and-family-issues
16208,relationship-and-family-issues
16210,relationship-and-family-issues
16225,relationship-and-family-issues
16236,relationship-and-family-issues
16245,relationship-and-family-issues
16254,relationship-and-family-issues
16260,relationship-and-family-issues
16282,relationship-and-family-issues
16301,relationship-and-family-issues
16312,relationship-and-family-issues
16331,relationship-and-family-issues
16332,relationship-and-family-issues
16355,relationship-and-family-issues
16374,relationship-and-family-issues
16376,relationship-and-family-issues
16377,relationship-and-family-issues
16381,relationship-and-family-issues
16385,relationship-and-family-issues
16394,relationship-and-family-issues
16395,relationship-and-family-issues
16396,relationship-and-family-issues
16404,relationship-and-family-issues
16413,relationship-and-family-issues
16416,relationship-and-family-issues
16418,relationship-and-family-issues
16430,relationship-and-family-issues
16434,relationship-and-family-issues
16492,relationship-and-family-issues
16496,relationship-and-family-issues
16497,relationship-and-family-issues
16504,relationship-and-family-issues
16509,relationship-and-family-issues
16514,relationship-and-family-issues
16517,relationship-and-family-issues
16527,relationship-and-family-issues
16529,relationship-and-family-issues
16565,relationship-and-family-issues
16579,relationship-and-family-issues
16590,relationship-and-family-issues
16599,relationship-and-family-issues
16603,relationship-and-family-issues
16610,relationship-and-family-issues
16614,relationship-and-family-issues
16642,relationship-and-family-issues
16649,relationship-and-family-issues
16659,relationship-and-family-issues
16664,relationship-and-family-issues
16677,relationship-and-family-issues
16693,relationship-and-family-issues
16702,relationship-and-family-issues
16706,relationship-and-family-issues
16715,relationship-and-family-issues
16726,relationship-and-family-issues
16731,relationship-and-family-issues
16754,relationship-and-family-issues
16769,relationship-and-family-issues
16778,relationship-and-family-issues
16799,relationship-and-family-issues
16802,relationship-and-family-issues
16804,relationship-and-family-issues
16805,relationship-and-family-issues
16811,relationship-and-family-issues
16813,relationship-and-family-issues
16839,relationship-and-family-issues
16852,relationship-and-family-issues
16855,relationship-and-family-issues
16863,relationship-and-family-issues
16882,relationship-and-family-issues
16884,relationship-and-family-issues
16899,relationship-and-family-issues
16905,relationship-and-family-issues
16908,relationship-and-family-issues
16910,relationship-and-family-issues
16913,relationship-and-family-issues
16939,relationship-and-family-issues
16967,relationship-and-family-issues
16980,relationship-and-family-issues
16990,relationship-and-family-issues
17015,relationship-and-family-issues
17022,relationship-and-family-issues
17044,relationship-and-family-issues
17092,relationship-and-family-issues
17103,relationship-and-family-issues
17106,relationship-and-family-issues
17129,relationship-and-family-issues
17157,relationship-and-family-issues
17173,relationship-and-family-issues
17185,relationship-and-family-issues
17193,relationship-and-family-issues
17195,relationship-and-family-issues
17213,relationship-and-family-issues
17215,relationship-and-family-issues
17222,relationship-and-family-issues
17242,relationship-and-family-issues
17257,relationship-and-family-issues
17266,relationship-and-family-issues
17274,relationship-and-family-issues
17281,relationship-and-family-issues
17282,relationship-and-family-issues
17283,relationship-and-family-issues
17300,relationship-and-family-issues
17338,relationship-and-family-issues
17355,relationship-and-family-issues
17363,relationship-and-family-issues
17386,relationship-and-family-issues
17388,relationship-and-family-issues
17390,relationship-and-family-issues
17391,relationship-and-family-issues
17397,relationship-and-family-issues
17398,relationship-and-family-issues
17415,relationship-and-family-issues
17430,relationship-and-family-issues
17435,relationship-and-family-issues
17436,relationship-and-family-issues
17439,relationship-and-family-issues
17450,relationship-and-family-issues
17469,relationship-and-family-issues
17471,relationship-and-family-issues
17474,relationship-and-family-issues
17478,relationship-and-family-issues
17481,relationship-and-family-issues
17486,relationship-and-family-issues
17490,relationship-and-family-issues
17500,relationship-and-family-issues
17531,relationship-and-family-issues
17543,relationship-and-family-issues
17550,relationship-and-family-issues
17564,relationship-and-family-issues
17566,relationship-and-family-issues
17569,relationship-and-family-issues
17577,relationship-and-family-issues
17578,relationship-and-family-issues
17586,relationship-and-family-issues
17588,relationship-and-family-issues
17591,relationship-and-family-issues
17599,relationship-and-family-issues
17607,relationship-and-family-issues
17609,relationship-and-family-issues
17633,relationship-and-family-issues
17640,relationship-and-family-issues
17645,relationship-and-family-issues
17647,relationship-and-family-issues
17651,relationship-and-family-issues
17652,relationship-and-family-issues
17656,relationship-and-family-issues
17657,relationship-and-family-issues
17664,relationship-and-family-issues
17672,relationship-and-family-issues
17683,relationship-and-family-issues
17688,relationship-and-family-issues
17709,relationship-and-family-issues
17714,relationship-and-family-issues
17720,relationship-and-family-issues
17730,relationship-and-family-issues
17742,relationship-and-family-issues
17769,relationship-and-family-issues
17790,relationship-and-family-issues
17821,relationship-and-family-issues
17833,relationship-and-family-issues
17883,relationship-and-family-issues
17886,relationship-and-family-issues
17893,relationship-and-family-issues
17899,relationship-and-family-issues
17901,relationship-and-family-issues
17903,relationship-and-family-issues
17910,relationship-and-family-issues
17918,relationship-and-family-issues
17935,relationship-and-family-issues
17950,relationship-and-family-issues
17951,relationship-and-family-issues
17959,relationship-and-family-issues
17974,relationship-and-family-issues
18000,relationship-and-family-issues
18014,relationship-and-family-issues
18019,relationship-and-family-issues
18034,relationship-and-family-issues
18042,relationship-and-family-issues
18064,relationship-and-family-issues
18065,relationship-and-family-issues
18070,relationship-and-family-issues
18072,relationship-and-family-issues
18076,relationship-and-family-issues
18092,relationship-and-family-issues
18093,relationship-and-family-issues
18127,relationship-and-family-issues
18131,relationship-and-family-issues
18143,relationship-and-family-issues
18168,relationship-and-family-issues
18181,relationship-and-family-issues
18188,relationship-and-family-issues
18192,relationship-and-family-issues
18193,relationship-and-family-issues
18204,relationship-and-family-issues
18211,relationship-and-family-issues
18213,relationship-and-family-issues
18225,relationship-and-family-issues
18236,relationship-and-family-issues
18242,relationship-and-family-issues
18247,relationship-and-family-issues
18266,relationship-and-family-issues
18267,relationship-and-family-issues
18272,relationship-and-family-issues
18319,relationship-and-family-issues
18336,relationship-and-family-issues
18338,relationship-and-family-issues
18342,relationship-and-family-issues
18347,relationship-and-family-issues
18349,relationship-and-family-issues
18367,relationship-and-family-issues
18389,relationship-and-family-issues
18392,relationship-and-family-issues
18394,relationship-and-family-issues
18417,relationship-and-family-issues
18421,relationship-and-family-issues
18442,relationship-and-family-issues
18461,relationship-and-family-issues
18474,relationship-and-family-issues
18483,relationship-and-family-issues
18484,relationship-and-family-issues
18486,relationship-and-family-issues
18494,relationship-and-family-issues
18511,relationship-and-family-issues
18531,relationship-and-family-issues
18537,relationship-and-family-issues
18547,relationship-and-family-issues
18555,relationship-and-family-issues
18565,relationship-and-family-issues
18580,relationship-and-family-issues
18589,relationship-and-family-issues
18590,relationship-and-family-issues
18594,relationship-and-family-issues
18596,relationship-and-family-issues
18598,relationship-and-family-issues
18599,relationship-and-family-issues
18616,relationship-and-family-issues
18620,relationship-and-family-issues
18622,relationship-and-family-issues
18633,relationship-and-family-issues
18641,relationship-and-family-issues
18658,relationship-and-family-issues
18662,relationship-and-family-issues
18680,relationship-and-family-issues
18684,relationship-and-family-issues
18697,relationship-and-family-issues
18703,relationship-and-family-issues
18729,relationship-and-family-issues
18734,relationship-and-family-issues
18754,relationship-and-family-issues
18762,relationship-and-family-issues
18765,relationship-and-family-issues
18793,relationship-and-family-issues
18815,relationship-and-family-issues
18828,relationship-and-family-issues
18831,relationship-and-family-issues
18841,relationship-and-family-issues
18871,relationship-and-family-issues
18913,relationship-and-family-issues
18927,relationship-and-family-issues
18955,relationship-and-family-issues
18983,relationship-and-family-issues
18984,relationship-and-family-issues
18986,relationship-and-family-issues
18991,relationship-and-family-issues
18997,relationship-and-family-issues
18998,relationship-and-family-issues
19002,relationship-and-family-issues
19004,relationship-and-family-issues
19006,relationship-and-family-issues
19018,relationship-and-family-issues
19021,relationship-and-family-issues
19039,relationship-and-family-issues
19056,relationship-and-family-issues
19062,relationship-and-family-issues
19068,relationship-and-family-issues
19071,relationship-and-family-issues
19072,relationship-and-family-issues
19074,relationship-and-family-issues
19096,relationship-and-family-issues
19097,relationship-and-family-issues
19104,relationship-and-family-issues
19106,relationship-and-family-issues
19128,relationship-and-family-issues
19151,relationship-and-family-issues
19164,relationship-and-family-issues
19167,relationship-and-family-issues
19176,relationship-and-family-issues
19181,relationship-and-family-issues
19185,relationship-and-family-issues
19196,relationship-and-family-issues
19199,relationship-and-family-issues
19206,relationship-and-family-issues
19232,relationship-and-family-issues
19239,relationship-and-family-issues
19261,relationship-and-family-issues
19303,relationship-and-family-issues
19312,relationship-and-family-issues
19325,relationship-and-family-issues
19331,relationship-and-family-issues
19333,relationship-and-family-issues
19335,relationship-and-family-issues
19342,relationship-and-family-issues
19355,relationship-and-family-issues
19359,relationship-and-family-issues
19379,relationship-and-family-issues
19380,relationship-and-family-issues
19387,relationship-and-family-issues
19389,relationship-and-family-issues
19393,relationship-and-family-issues
19411,relationship-and-family-issues
19429,relationship-and-family-issues
19430,relationship-and-family-issues
19437,relationship-and-family-issues
19439,relationship-and-family-issues
19452,relationship-and-family-issues
19455,relationship-and-family-issues
19461,relationship-and-family-issues
19462,relationship-and-family-issues
19467,relationship-and-family-issues
19478,relationship-and-family-issues
19491,relationship-and-family-issues
19493,relationship-and-family-issues
19500,relationship-and-family-issues
19506,relationship-and-family-issues
19514,relationship-and-family-issues
19520,relationship-and-family-issues
19525,relationship-and-family-issues
19532,relationship-and-family-issues
19535,relationship-and-family-issues
19543,relationship-and-family-issues
19558,relationship-and-family-issues
19568,relationship-and-family-issues
19578,relationship-and-family-issues
19600,relationship-and-family-issues
19610,relationship-and-family-issues
19613,relationship-and-family-issues
19633,relationship-and-family-issues
19634,relationship-and-family-issues
19642,relationship-and-family-issues
19652,relationship-and-family-issues
19656,relationship-and-family-issues
19660,relationship-and-family-issues
19685,relationship-and-family-issues
19700,relationship-and-family-issues
19702,relationship-and-family-issues
19734,relationship-and-family-issues
19738,relationship-and-family-issues
19759,relationship-and-family-issues
19762,relationship-and-family-issues
19774,relationship-and-family-issues
19777,relationship-and-family-issues
19782,relationship-and-family-issues
19795,relationship-and-family-issues
19807,relationship-and-family-issues
19825,relationship-and-family-issues
19830,relationship-and-family-issues
19832,relationship-and-family-issues
19837,relationship-and-family-issues
19840,relationship-and-family-issues
19844,relationship-and-family-issues
19850,relationship-and-family-issues
19854,relationship-and-family-issues
19869,relationship-and-family-issues
19875,relationship-and-family-issues
19877,relationship-and-family-issues
19888,relationship-and-family-issues
19893,relationship-and-family-issues
19894,relationship-and-family-issues
19901,relationship-and-family-issues
19935,relationship-and-family-issues
19938,relationship-and-family-issues
19940,relationship-and-family-issues
19945,relationship-and-family-issues
19954,relationship-and-family-issues
19959,relationship-and-family-issues
19966,relationship-and-family-issues
19976,relationship-and-family-issues
19993,relationship-and-family-issues
20000,relationship-and-family-issues
20008,relationship-and-family-issues
20014,relationship-and-family-issues
20028,relationship-and-family-issues
20035,relationship-and-family-issues
20043,relationship-and-family-issues
20062,relationship-and-family-issues
20073,relationship-and-family-issues
20079,relationship-and-family-issues
20081,relationship-and-family-issues
20105,relationship-and-family-issues
20113,relationship-and-family-issues
20127,relationship-and-family-issues
20128,relationship-and-family-issues
20142,relationship-and-family-issues
20154,relationship-and-family-issues
20180,relationship-and-family-issues
20185,relationship-and-family-issues
20201,relationship-and-family-issues
20212,relationship-and-family-issues
20233,relationship-and-family-issues
20239,relationship-and-family-issues
20245,relationship-and-family-issues
20246,relationship-and-family-issues
20250,relationship-and-family-issues
20257,relationship-and-family-issues
20264,relationship-and-family-issues
20268,relationship-and-family-issues
20287,relationship-and-family-issues
20290,relationship-and-family-issues
20309,relationship-and-family-issues
20310,relationship-and-family-issues
20320,relationship-and-family-issues
20329,relationship-and-family-issues
20359,relationship-and-family-issues
20362,relationship-and-family-issues
20372,relationship-and-family-issues
20399,relationship-and-family-issues
20401,relationship-and-family-issues
20404,relationship-and-family-issues
20405,relationship-and-family-issues
20409,relationship-and-family-issues
20410,relationship-and-family-issues
20428,relationship-and-family-issues
20438,relationship-and-family-issues
20457,relationship-and-family-issues
20472,relationship-and-family-issues
20478,relationship-and-family-issues
20490,relationship-and-family-issues
20509,relationship-and-family-issues
20510,relationship-and-family-issues
20522,relationship-and-family-issues
20548,relationship-and-family-issues
20551,relationship-and-family-issues
20553,relationship-and-family-issues
20579,relationship-and-family-issues
20584,relationship-and-family-issues
20593,relationship-and-family-issues
20604,relationship-and-family-issues
20611,relationship-and-family-issues
20621,relationship-and-family-issues
20626,relationship-and-family-issues
20668,relationship-and-family-issues
20683,relationship-and-family-issues
20687,relationship-and-family-issues
20712,relationship-and-family-issues
20718,relationship-and-family-issues
20731,relationship-and-family-issues
20755,relationship-and-family-issues
20765,relationship-and-family-issues
20780,relationship-and-family-issues
20784,relationship-and-family-issues
20792,relationship-and-family-issues
20807,relationship-and-family-issues
20820,relationship-and-family-issues
20828,relationship-and-family-issues
20832,relationship-and-family-issues
20846,relationship-and-family-issues
20857,relationship-and-family-issues
20864,relationship-and-family-issues
20866,relationship-and-family-issues
20873,relationship-and-family-issues
20876,relationship-and-family-issues
20884,relationship-and-family-issues
20885,relationship-and-family-issues
20886,relationship-and-family-issues
20888,relationship-and-family-issues
20889,relationship-and-family-issues
20899,relationship-and-family-issues
20911,relationship-and-family-issues
20920,relationship-and-family-issues
20944,relationship-and-family-issues
20950,relationship-and-family-issues
20956,relationship-and-family-issues
20965,relationship-and-family-issues
20973,relationship-and-family-issues
20974,relationship-and-family-issues
20987,relationship-and-family-issues
20996,relationship-and-family-issues
20999,relationship-and-family-issues
21019,relationship-and-family-issues
21026,relationship-and-family-issues
21040,relationship-and-family-issues
21041,relationship-and-family-issues
21043,relationship-and-family-issues
21050,relationship-and-family-issues
21063,relationship-and-family-issues
21068,relationship-and-family-issues
21070,relationship-and-family-issues
21076,relationship-and-family-issues
21082,relationship-and-family-issues
21087,relationship-and-family-issues
21094,relationship-and-family-issues
21114,relationship-and-family-issues
21117,relationship-and-family-issues
21125,relationship-and-family-issues
21145,relationship-and-family-issues
21146,relationship-and-family-issues
21149,relationship-and-family-issues
21151,relationship-and-family-issues
21163,relationship-and-family-issues
21173,relationship-and-family-issues
21178,relationship-and-family-issues
21180,relationship-and-family-issues
21189,relationship-and-family-issues
21203,relationship-and-family-issues
21208,relationship-and-family-issues
21214,relationship-and-family-issues
21215,relationship-and-family-issues
21217,relationship-and-family-issues
21228,relationship-and-family-issues
21236,relationship-and-family-issues
21244,relationship-and-family-issues
21259,relationship-and-family-issues
21266,relationship-and-family-issues
21268,relationship-and-family-issues
21274,relationship-and-family-issues
21275,relationship-and-family-issues
21285,relationship-and-family-issues
21291,relationship-and-family-issues
21311,relationship-and-family-issues
21314,relationship-and-family-issues
21315,relationship-and-family-issues
21327,relationship-and-family-issues
21336,relationship-and-family-issues
21351,relationship-and-family-issues
21352,relationship-and-family-issues
21357,relationship-and-family-issues
21358,relationship-and-family-issues
21366,relationship-and-family-issues
21370,relationship-and-family-issues
21391,relationship-and-family-issues
21410,relationship-and-family-issues
21412,relationship-and-family-issues
21414,relationship-and-family-issues
21427,relationship-and-family-issues
21428,relationship-and-family-issues
21436,relationship-and-family-issues
21450,relationship-and-family-issues
21458,relationship-and-family-issues
21469,relationship-and-family-issues
21476,relationship-and-family-issues
21484,relationship-and-family-issues
21493,relationship-and-family-issues
21499,relationship-and-family-issues
21524,relationship-and-family-issues
21549,relationship-and-family-issues
21553,relationship-and-family-issues
21559,relationship-and-family-issues
21564,relationship-and-family-issues
21570,relationship-and-family-issues
21573,relationship-and-family-issues
21577,relationship-and-family-issues
21579,relationship-and-family-issues
21587,relationship-and-family-issues
21596,relationship-and-family-issues
21604,relationship-and-family-issues
21630,relationship-and-family-issues
21641,relationship-and-family-issues
21655,relationship-and-family-issues
21666,relationship-and-family-issues
21670,relationship-and-family-issues
21697,relationship-and-family-issues
21710,relationship-and-family-issues
21716,relationship-and-family-issues
21717,relationship-and-family-issues
21720,relationship-and-family-issues
21729,relationship-and-family-issues
21736,relationship-and-family-issues
21750,relationship-and-family-issues
21755,relationship-and-family-issues
21756,relationship-and-family-issues
21757,relationship-and-family-issues
21766,relationship-and-family-issues
21768,relationship-and-family-issues
21827,relationship-and-family-issues
21834,relationship-and-family-issues
21868,relationship-and-family-issues
21880,relationship-and-family-issues
21886,relationship-and-family-issues
21890,relationship-and-family-issues
21897,relationship-and-family-issues
21909,relationship-and-family-issues
21917,relationship-and-family-issues
21993,relationship-and-family-issues
22001,relationship-and-family-issues
22002,relationship-and-family-issues
22007,relationship-and-family-issues
22008,relationship-and-family-issues
22015,relationship-and-family-issues
22017,relationship-and-family-issues
22018,relationship-and-family-issues
22030,relationship-and-family-issues
22032,relationship-and-family-issues
22033,relationship-and-family-issues
22046,relationship-and-family-issues
22052,relationship-and-family-issues
22053,relationship-and-family-issues
22060,relationship-and-family-issues
22064,relationship-and-family-issues
22077,relationship-and-family-issues
22099,relationship-and-family-issues
22110,relationship-and-family-issues
22118,relationship-and-family-issues
22125,relationship-and-family-issues
22130,relationship-and-family-issues
22147,relationship-and-family-issues
22149,relationship-and-family-issues
22153,relationship-and-family-issues
22154,relationship-and-family-issues
22167,relationship-and-family-issues
22196,relationship-and-family-issues
22234,relationship-and-family-issues
22267,relationship-and-family-issues
22280,relationship-and-family-issues
22297,relationship-and-family-issues
22305,relationship-and-family-issues
22318,relationship-and-family-issues
22366,relationship-and-family-issues
22385,relationship-and-family-issues
22393,relationship-and-family-issues
22404,relationship-and-family-issues
22407,relationship-and-family-issues
22408,relationship-and-family-issues
22439,relationship-and-family-issues
22448,relationship-and-family-issues
22467,relationship-and-family-issues
22489,relationship-and-family-issues
22500,relationship-and-family-issues
22523,relationship-and-family-issues
22527,relationship-and-family-issues
22528,relationship-and-family-issues
22531,relationship-and-family-issues
22535,relationship-and-family-issues
22539,relationship-and-family-issues
22540,relationship-and-family-issues
22543,relationship-and-family-issues
22551,relationship-and-family-issues
22569,relationship-and-family-issues
22570,relationship-and-family-issues
22597,relationship-and-family-issues
22604,relationship-and-family-issues
22626,relationship-and-family-issues
22627,relationship-and-family-issues
22640,relationship-and-family-issues
22672,relationship-and-family-issues
22682,relationship-and-family-issues
22695,relationship-and-family-issues
22709,relationship-and-family-issues
22722,relationship-and-family-issues
22753,relationship-and-family-issues
22764,relationship-and-family-issues
22771,relationship-and-family-issues
22773,relationship-and-family-issues
22777,relationship-and-family-issues
22785,relationship-and-family-issues
22823,relationship-and-family-issues
22837,relationship-and-family-issues
22843,relationship-and-family-issues
22850,relationship-and-family-issues
22860,relationship-and-family-issues
22889,relationship-and-family-issues
22891,relationship-and-family-issues
22916,relationship-and-family-issues
22920,relationship-and-family-issues
22924,relationship-and-family-issues
22935,relationship-and-family-issues
22939,relationship-and-family-issues
22940,relationship-and-family-issues
22942,relationship-and-family-issues
22945,relationship-and-family-issues
22958,relationship-and-family-issues
22965,relationship-and-family-issues
22968,relationship-and-family-issues
22971,relationship-and-family-issues
22981,relationship-and-family-issues
22993,relationship-and-family-issues
23001,relationship-and-family-issues
23005,relationship-and-family-issues
23009,relationship-and-family-issues
23011,relationship-and-family-issues
23015,relationship-and-family-issues
23028,relationship-and-family-issues
23029,relationship-and-family-issues
23035,relationship-and-family-issues
23043,relationship-and-family-issues
23057,relationship-and-family-issues
23065,relationship-and-family-issues
23068,relationship-and-family-issues
23093,relationship-and-family-issues
23096,relationship-and-family-issues
23097,relationship-and-family-issues
23115,relationship-and-family-issues
23120,relationship-and-family-issues
23131,relationship-and-family-issues
23141,relationship-and-family-issues
23152,relationship-and-family-issues
23156,relationship-and-family-issues
23166,relationship-and-family-issues
23173,relationship-and-family-issues
23180,relationship-and-family-issues
23183,relationship-and-family-issues
23190,relationship-and-family-issues
23200,relationship-and-family-issues
23216,relationship-and-family-issues
23218,relationship-and-family-issues
23220,relationship-and-family-issues
23225,relationship-and-family-issues
23243,relationship-and-family-issues
23263,relationship-and-family-issues
23271,relationship-and-family-issues
23275,relationship-and-family-issues
23291,relationship-and-family-issues
23292,relationship-and-family-issues
23296,relationship-and-family-issues
23303,relationship-and-family-issues
23316,relationship-and-family-issues
23354,relationship-and-family-issues
23401,relationship-and-family-issues
23402,relationship-and-family-issues
23407,relationship-and-family-issues
23408,relationship-and-family-issues
23418,relationship-and-family-issues
23419,relationship-and-family-issues
23431,relationship-and-family-issues
23432,relationship-and-family-issues
23449,relationship-and-family-issues
23452,relationship-and-family-issues
23467,relationship-and-family-issues
23468,relationship-and-family-issues
23484,relationship-and-family-issues
23485,relationship-and-family-issues
23488,relationship-and-family-issues
23496,relationship-and-family-issues
23498,relationship-and-family-issues
23502,relationship-and-family-issues
23513,relationship-and-family-issues
23520,relationship-and-family-issues
23546,relationship-and-family-issues
23551,relationship-and-family-issues
23558,relationship-and-family-issues
23559,relationship-and-family-issues
23561,relationship-and-family-issues
23590,relationship-and-family-issues
23606,relationship-and-family-issues
23609,relationship-and-family-issues
23617,relationship-and-family-issues
23622,relationship-and-family-issues
23629,relationship-and-family-issues
23632,relationship-and-family-issues
23635,relationship-and-family-issues
23646,relationship-and-family-issues
23658,relationship-and-family-issues
23669,relationship-and-family-issues
23673,relationship-and-family-issues
23697,relationship-and-family-issues
23700,relationship-and-family-issues
23703,relationship-and-family-issues
23710,relationship-and-family-issues
23714,relationship-and-family-issues
23728,relationship-and-family-issues
23743,relationship-and-family-issues
23756,relationship-and-family-issues
23758,relationship-and-family-issues
23763,relationship-and-family-issues
23770,relationship-and-family-issues
23775,relationship-and-family-issues
23782,relationship-and-family-issues
23784,relationship-and-family-issues
23798,relationship-and-family-issues
23806,relationship-and-family-issues
23807,relationship-and-family-issues
23823,relationship-and-family-issues
23830,relationship-and-family-issues
23832,relationship-and-family-issues
23833,relationship-and-family-issues
23837,relationship-and-family-issues
23842,relationship-and-family-issues
23855,relationship-and-family-issues
23857,relationship-and-family-issues
23871,relationship-and-family-issues
23888,relationship-and-family-issues
23895,relationship-and-family-issues
23907,relationship-and-family-issues
23915,relationship-and-family-issues
23925,relationship-and-family-issues
23962,relationship-and-family-issues
23969,relationship-and-family-issues
23976,relationship-and-family-issues
23981,relationship-and-family-issues
23982,relationship-and-family-issues
23987,relationship-and-family-issues
23989,relationship-and-family-issues
23997,relationship-and-family-issues
24006,relationship-and-family-issues
24018,relationship-and-family-issues
24033,relationship-and-family-issues
24062,relationship-and-family-issues
24064,relationship-and-family-issues
24069,relationship-and-family-issues
24073,relationship-and-family-issues
24083,relationship-and-family-issues
24091,relationship-and-family-issues
24094,relationship-and-family-issues
24100,relationship-and-family-issues
24103,relationship-and-family-issues
24107,relationship-and-family-issues
24130,relationship-and-family-issues
24134,relationship-and-family-issues
24137,relationship-and-family-issues
24164,relationship-and-family-issues
24182,relationship-and-family-issues
24191,relationship-and-family-issues
24199,relationship-and-family-issues
24201,relationship-and-family-issues
24202,relationship-and-family-issues
24213,relationship-and-family-issues
24219,relationship-and-family-issues
24248,relationship-and-family-issues
24254,relationship-and-family-issues
24262,relationship-and-family-issues
24264,relationship-and-family-issues
24267,relationship-and-family-issues
24273,relationship-and-family-issues
24286,relationship-and-family-issues
24295,relationship-and-family-issues
24298,relationship-and-family-issues
24300,relationship-and-family-issues
24303,relationship-and-family-issues
24307,relationship-and-family-issues
24324,relationship-and-family-issues
24330,relationship-and-family-issues
24332,relationship-and-family-issues
24334,relationship-and-family-issues
24335,relationship-and-family-issues
24344,relationship-and-family-issues
24351,relationship-and-family-issues
24363,relationship-and-family-issues
24366,relationship-and-family-issues
24379,relationship-and-family-issues
24380,relationship-and-family-issues
24388,relationship-and-family-issues
24390,relationship-and-family-issues
24439,relationship-and-family-issues
24446,relationship-and-family-issues
24469,relationship-and-family-issues
24480,relationship-and-family-issues
24498,relationship-and-family-issues
24506,relationship-and-family-issues
24509,relationship-and-family-issues
24514,relationship-and-family-issues
24525,relationship-and-family-issues
24537,relationship-and-family-issues
24546,relationship-and-family-issues
24552,relationship-and-family-issues
24554,relationship-and-family-issues
24558,relationship-and-family-issues
24562,relationship-and-family-issues
24564,relationship-and-family-issues
24566,relationship-and-family-issues
24587,relationship-and-family-issues
24593,relationship-and-family-issues